{   
    "engine": [15.854787, 19.630323, 22.775925],
    "mustard": [0.115512505, 0.0723773241, 0.23451817],
    "gear_large": [
        0.0750214756,
        0.074801445,
        0.0255993642
      ],
    "default": [0.1, 0.1, 0.1]
}
